Timestamp,class,track_ID,xctr,yctr,zctr,xlen,ylen,zlen,zrot
1700412328.642109,2,0,-3.3809089287350864,-5.970456095027453,-3.179846367450406,0.09678467838973963,0.2677277827362071,0.00018601916125951176,0
1700412330.846432,2,1,3.28964560180352,-6.9319366306676,-3.5590249792141915,0.16511340634494592,0.46860295309789046,0.0003757273716591871,0
1700412331.848395,2,2,6.951240761609144,-6.600112184461877,-3.729527775421451,0.14300884824545745,0.5235697958740086,4.8221622958130594e-05,0
1700412332.449574,2,3,8.513919928766997,-5.87326968413051,-3.2024767758516663,0.15396526517734743,0.42013827400474624,7.983565861853156e-05,0
1700412333.050945,2,4,9.5724364843736,-4.696669074187083,-2.9730605325040274,0.06045133054059758,0.19185940412411545,2.853163388440638e-05,0
1700412334.052726,2,5,10.88684196922023,-2.952190929640285,-3.247263808800015,0.3730123591703234,0.5383221767891466,0.18227998581742494,0
1700412334.25311,2,5,11.127780788527945,-2.5994859169321747,-3.2151860365747504,0.34914428657542074,0.5411763213394479,0.1563156015035323,0
1700412334.453504,2,5,11.118927561952976,-2.273479010302337,-3.228998198437937,0.29973915792527606,0.9269580175981357,0.21418218632342065,1.5555740282051431
1700412334.854289,2,6,11.672729789431589,-1.8190764219338418,-3.145042945740339,0.3849917110119237,0.49187350281178005,0.19248763275334774,0
1700412335.25508,2,7,11.872333754771196,-1.539189137723777,-3.425396260231117,0.29075850592365954,0.6958975268851476,0.10731477035070475,0
1700412335.65586,2,8,11.93766158621673,-1.009215040230648,-3.25526683694483,0.47281157162324383,0.9827852653687393,0.24540107817420265,0
1700412335.856254,2,8,11.968760156833403,-0.962009504449766,-3.4258684108054367,0.395761543058732,0.6912921799535907,0.2061801230521079,0
1700412336.056648,2,8,12.029029919584067,-0.936176812579598,-3.389258291929875,0.27883316423411036,0.7172543150347557,0.0803743680140398,293.2008340864013
1700412336.257039,2,8,12.094889280315018,-0.8324359411828116,-3.425902235755107,0.3967041132413706,0.7348511697272202,0.17383102212517362,327.5907870235745
1700412336.457433,2,8,12.018691169242604,-0.904660824715516,-3.5105502784182465,0.35302098746639443,0.6851418362036132,0.23811102680483717,133.46657982960136
1700412336.657828,2,8,12.081480807730657,-0.8289571506534483,-3.428028372509376,0.43196673019175336,0.6813739620057176,0.24697578343812168,320.3272343774828
1700412336.858236,2,8,12.079354580634242,-0.8208296728098756,-3.3937931168239976,0.30757106065554646,0.6509409757544853,0.08685843798815174,14.660571761336968
1700412337.058611,2,8,12.150247347675984,-0.7801600144440365,-3.4106220154943174,0.39019453356475664,0.6156778295365612,0.09522675829060065,299.84196776273404
1700412337.259015,2,8,12.18809096825179,-0.7656653995208865,-3.4175596795151355,0.49140290010428456,0.6191001283140944,0.12868227101532534,290.95751089821874
1700412337.459397,2,8,12.19050440859886,-0.7691056993165478,-3.4858333335350045,0.4594819141126306,0.580040767106512,0.3015178205635357,215.05044163342194
1700412337.659789,2,8,12.188216736304607,-0.7588804632703957,-3.4782284389489475,0.45625403171474066,0.5668683988350796,0.25524317151021225,12.61099982104821
1700412337.860183,2,8,12.220886563606015,-0.7440669346444868,-3.4114475129145387,0.5119794045442144,0.5937730253441353,0.08802728146622041,294.3910363646749
1700412338.060582,2,8,12.193095793350714,-0.7389438291513727,-3.422001954801647,0.4793864194553257,0.5977381180696947,0.10274917208006862,79.55504111836966
1700412338.260972,2,8,12.154322793624114,-0.7835721015169744,-3.414931287574371,0.3784730642774301,0.6012941718307292,0.0994231296051433,139.0159201535767
1700412338.461362,2,8,12.159217534558108,-0.7865147363220176,-3.4147876001313544,0.39009231330770505,0.5973288755416941,0.0901713664411222,238.98643258698658
1700412338.661756,2,8,12.157844054152807,-0.7877703075553811,-3.4137682634761264,0.38102478621664426,0.620344234146688,0.0914192013184443,132.43208774508958
1700412338.862147,2,8,12.182761902965597,-0.7310319204077651,-3.4148556582401453,0.5003721228262435,0.6079492883663925,0.09329494844123958,336.2903163139257
1700412339.06255,2,8,12.176130772007776,-0.7291630103435889,-3.4021387829988767,0.5062593324589434,0.5928751292387446,0.07048907017151415,74.26010357430906
1700412339.262936,2,8,12.18626873842138,-0.7099634436888299,-3.418103815906511,0.5288227901955144,0.5940833218291031,0.13154564425705367,332.1645570477975
1700412339.463331,2,8,12.194150203516232,-0.6658860020974445,-3.511980655374884,0.5750153306771343,0.6180648584686574,0.2795591872468926,349.8621101730858
1700412339.66372,2,8,12.214426820806846,-0.6976204395774901,-3.4237457525188915,0.5342891189832528,0.6045745383561308,0.1045019223605645,212.57641336798125
1700412339.864115,2,8,12.212005780407871,-0.7087621633941994,-3.418265426034202,0.4994215185446672,0.6140095293781715,0.095047498486416,167.74049755659965
1700412340.064506,2,8,12.189539988670903,-0.7089455226373137,-3.506847356437901,0.5059207034639833,0.6213540582957411,0.2773857651006907,90.4676210668861
1700412340.264903,2,8,12.18155382666877,-0.7123843701493614,-3.420620067639959,0.5229587910159936,0.6004094530082316,0.13035561696195228,113.2967487061249
1700412340.465293,2,8,12.188812984103533,-0.6988561617344763,-3.415966891385733,0.5261853346246415,0.6106544830464817,0.12601787493897726,331.782253566416
1700412340.665688,2,8,12.182746319068796,-0.718235084973494,-3.4114654894416008,0.5084375085211501,0.6036744424295173,0.09195667314070495,162.61702006992135
1700412340.866079,2,8,12.199414522781106,-0.7013470990167483,-3.420272276964923,0.5326520533010073,0.6174693665628723,0.10188439637726956,315.375263552864
1700412341.066472,2,8,12.211123369938978,-0.7122305729339155,-3.4226581063364923,0.5152922334078365,0.6125811464844315,0.09207301960092767,227.0922764249419
1700412341.266869,2,8,12.184986908612222,-0.7163233096471661,-3.469982381172007,0.4857119329501465,0.6155728141894289,0.2378677905295074,98.8997348764146
1700412341.467259,2,8,12.166433587500078,-0.7311457706027898,-3.425683225462328,0.5174791033336352,0.5332091775613241,0.11962322349596352,128.6217585159389
1700412341.667652,2,8,12.179958000236901,-0.709418476985052,-3.5079767269527014,0.4980605068661985,0.6011258442294674,0.2829324866479217,328.09930901216296
1700412341.868042,2,8,12.231512457150117,-0.7261503534810853,-3.424695550913627,0.569414134388381,0.5712076117561219,0.10069847180534781,252.01928457445797
1700412342.068437,2,8,12.2110092784263,-0.7517753624544404,-3.4192847423604005,0.5118906527337841,0.5490049205681834,0.0938169867741051,141.33586800726943
1700412342.268832,2,8,12.192673492319823,-0.67634902158779,-3.502076049766522,0.5119857756599254,0.6075188906053071,0.25471730865209524,13.663301805727855
1700412342.469223,2,8,12.213815822283793,-0.696223994605209,-3.439494652382008,0.5265526683001318,0.6152414051431176,0.12046137636682061,226.76976797684398
1700412342.669619,2,8,12.198149013143546,-0.6824000838332545,-3.413524988944104,0.4968911678004273,0.6105522230734317,0.09483661746352925,48.57580870155297
1700412342.870011,2,8,12.160265803559717,-0.7306276271358244,-3.4196872197869426,0.5235236113454518,0.5202349253111789,0.11173853244557336,141.85001695710554
1700412343.070401,0,0,11.531811964364245,20.48398857721402,-3.9026371863114524,1.268920670829953,1.9749219933470001,0.7797365761529749,0
1700412343.070401,2,8,12.17533410080804,-0.7445470081601389,-3.412708061659197,0.5317818223157295,0.5252559215173893,0.09664391517897562,227.26970965448092
1700412343.270796,0,0,11.716972667400434,19.33689563608246,-3.9269350199545916,1.7485130724780418,2.4537397849635587,0.8996190531837747,0
1700412343.270796,2,8,12.118066215611728,-0.8014129391514624,-3.408678767551631,0.2206891850036486,0.6221669060531232,0.08766614387526278,134.7982176969192
1700412343.47119,2,8,12.178636560298106,-0.6740731759290151,-3.5043894922285697,0.5204286770447325,0.6199664968660854,0.2717423577685469,334.56146791783306
1700412343.671584,0,1,12.501209288952015,16.254357193640995,-3.8849325126462215,1.8454663190997853,2.1326986630782283,0.6379504987239232,0
1700412343.671584,2,8,12.162839183184552,-0.7195420584570706,-3.517178364212575,0.5453180873470276,0.5449037180784527,0.2809859497823852,160.84110070424921
1700412343.871995,0,1,12.311833113040587,15.699586754799881,-3.7297258718050372,2.0641288689090307,3.7542010099466,1.219289888366252,0
1700412343.871995,2,8,12.17620076583598,-0.736753329774009,-3.4194093977021125,0.5370062219586955,0.5439022208631261,0.11639056910894473,217.8231715928461
1700412344.072367,0,1,12.450282542642025,14.66976713797454,-3.644489359942131,1.9016620850810009,4.326364109434506,1.3613123589320293,187.65696033972364
1700412344.072367,2,8,12.20608353069396,-0.6854103600214839,-3.4180546613166967,0.5189033649781452,0.6222965386291601,0.09153235259074953,329.7996308226037
1700412344.272766,0,1,12.872031438721816,13.186296448775424,-3.649629070120105,1.9279462909763114,4.048202776619049,1.0985064865482805,195.87038594350398
1700412344.272766,2,8,12.180249011296446,-0.6750933071658183,-3.4144608493095614,0.5329937695710365,0.5941625639891239,0.09380781047681369,68.23063130788984
1700412344.473154,0,1,13.17876397343371,11.78414794483739,-3.533999998627826,1.8679476601548952,3.9783086476044947,0.8986363603951872,192.33957666666416
1700412344.473154,2,8,12.191797973447171,-0.6923338175361511,-3.418299432516185,0.5133600293352462,0.6304721389295532,0.1442961578116082,213.81708515280832
1700412344.67357,0,1,13.572814674935513,9.961148484611684,-3.5673069868923144,1.869545457501021,3.396058565501421,0.8893206578072117,192.19712550348532
1700412344.67357,2,8,12.19637891704484,-0.6746107613263391,-3.4262120933319435,0.510048166150108,0.616380222427392,0.11287972562193725,345.5077283785224
1700412345.074332,0,2,13.891488511290653,7.136713649431218,-3.6035205776300288,2.293165428474304,4.341027221662548,1.1266217586569225,0
1700412345.074332,2,9,12.18753320114723,-0.6877151152818346,-3.461809071317534,0.49044404274746023,0.6324748656549686,0.24974966127247727,0
1700412345.274724,0,2,14.069826423173986,5.894491508344872,-3.5395963531220938,2.1701512615032366,4.9498050857471405,1.2931694458486733,0
1700412345.274724,2,9,12.185133487357579,-0.6695277948715667,-3.495395839508748,0.5139884924519027,0.6139306091234653,0.2607489163173229,0
1700412345.475122,0,2,14.296044111324475,4.358707584725243,-3.516608140417041,2.2496603208386876,4.859801385849246,1.302862663762083,188.3792916257616
1700412345.475122,2,9,12.170136897640477,-0.6838526930357267,-3.514183068933599,0.5215350447225204,0.6002143615492059,0.28186857863454284,133.68770774963707
1700412345.675514,0,2,14.466837089922143,2.827778032052747,-3.514942043346907,2.0799944833577366,4.632014814604169,1.2969655894826588,186.3656878689936
1700412345.675514,2,9,12.174511737962089,-0.6965354992826852,-3.4187315723862244,0.5067400562778308,0.5982104412120974,0.1173064040505872,199.03149597954635
1700412345.875908,0,2,14.58427795016169,1.7903786359017402,-3.546570334844725,1.9746085428440774,4.433192372485171,1.286344742267106,186.45878470505642
1700412345.875908,2,9,12.18586819216078,-0.689496211295657,-3.412310676723331,0.5111368589114387,0.6104198067724734,0.08090263164631037,301.79266741097564
1700412346.076315,0,2,14.767287441603461,0.03086724010225158,-3.4743264006878554,1.9878044532920534,4.442055474804754,1.238759160963256,185.93807026593018
1700412346.076315,2,9,12.172867010499168,-0.6781989025112092,-3.496535898489163,0.4936248639858977,0.6185191543644564,0.28021987567706236,49.01116203798267
1700412346.276693,0,2,14.925344084064042,-1.2783707348573934,-3.478177658485503,2.1108302693293775,4.357900552302325,1.2540669654052534,186.88367168954076
1700412346.276693,2,9,12.168499763190916,-0.707879291652473,-3.409459298780715,0.5360715845319555,0.58035027165229,0.08121627496670786,171.6294198858605
1700412346.477084,0,2,15.081604876959318,-2.671322267704385,-3.4513991097796097,2.046583533769541,4.54393161051348,1.2061802255039515,186.40065986612137
1700412346.477084,2,9,12.182639710987269,-0.6762454030716278,-3.410832513272751,0.5466554680537717,0.602487443322852,0.08669805658440033,335.9159611336688
1700412346.677476,0,2,15.3397847560713,-4.24325551688311,-3.473144761626095,1.8829418314171695,4.403927506887142,1.0877676518577322,189.3271866382952
1700412346.677476,2,9,12.042854151571857,-0.7567212545306476,-3.460807549371487,0.2576550423730482,0.5398650756332424,0.22570972900782194,119.92943594569971
1700412346.877871,0,2,15.408044325013666,-5.659556976329413,-3.4261438585982127,1.9987579234486237,4.621324537623928,1.0184617995720275,182.75927220625817
1700412346.877871,0,3,18.24975711984148,-49.33040633558146,-3.181434382467969,1.884444687534854,2.2498787804933764,0.8022678773128019,0
1700412347.078262,0,2,15.425027317234559,-7.134000083718513,-3.327515326614139,2.005648607010593,4.680606552107589,1.2508031242241862,180.6599174594546
1700412347.078262,0,3,18.316614588688115,-47.792758578778916,-3.275191745327948,1.6881088639861033,2.6807674991850865,0.7131403357072573,0
1700412347.078262,2,10,12.153201521849565,-0.6892272791939941,-3.449972292487561,0.4927641998161598,0.5723104998007873,0.15738931592916794,0
1700412347.278657,0,2,15.563352913532418,-8.547476575625963,-3.313614837603696,2.0416822972131836,4.767631437920302,1.1380483626472915,185.58928050566485
1700412347.278657,0,3,18.437473790003416,-46.53824657713169,-3.219107235954932,1.8720636745085293,2.7713423640009776,0.8458461319612305,354.49712945255976
1700412347.278657,2,10,12.177723045035012,-0.6862491021366481,-3.420782382400121,0.4934848706176425,0.6076728641299878,0.13723493752956023,0
1700412347.479052,0,2,15.5205202082531,-10.037414142665957,-3.3874660024146133,1.9929203096101809,4.847672776147663,1.200048159528964,178.35331522822403
1700412347.479052,0,3,18.63976863524525,-44.88428820390744,-3.17670443471777,2.337764385079937,2.258494718751498,0.5533395870007862,353.0268154584505
1700412347.479052,2,10,12.17737563107368,-0.6820451332238379,-3.4230172873301075,0.489606055391009,0.6204052675520281,0.10988242252451316,4.724160851347534
1700412347.679441,0,2,15.594470888532735,-11.523378819894555,-3.39575187190818,2.054533406877681,4.86828022190149,1.0766196239331443,182.84903752914
1700412347.679441,0,3,18.78844053212621,-44.35242225255905,-3.349014423985705,2.2259612112662066,3.85606085738871,1.2822641219455673,344.3827870595344
1700412347.679441,2,10,12.182626355461181,-0.6724888761117046,-3.424913995557238,0.5032964426382069,0.6151803091411163,0.11014637748855069,331.21322664543777
1700412347.879837,0,2,15.64380110736587,-13.011670905385172,-3.4706770558039493,2.062918762190839,4.831350945210141,1.291937525773235,181.89840354198301
1700412347.879837,0,3,18.904085134478343,-42.93450828867235,-3.13504359647165,2.119686152583833,4.234360012528163,0.9223868494800262,355.3372952973149
1700412347.879837,2,10,12.175941070393081,-0.6773948560337767,-3.416539168558639,0.4980653766583838,0.6091327900550202,0.10556994412036995,126.2729913295202
1700412348.080239,0,2,15.677903107644982,-14.450587534449248,-3.30529889795515,1.9992183914428399,4.680001580041759,1.4641227623656539,181.35764293138695
1700412348.080239,0,3,18.95867576621588,-41.78107944572963,-3.2125763625228245,2.109920377405568,4.1925211908410915,1.0867087072244788,357.2902702377754
1700412348.080239,2,10,12.162496745212378,-0.6855480781738065,-3.4689400982665477,0.453814961008291,0.6031050432580352,0.2417767925367221,121.23444023705255
1700412348.281087,0,2,15.675026826330312,-16.056476505307593,-3.288126715367844,2.0082237836512564,4.707214157036284,1.1220865115291343,179.8973785817139
1700412348.281087,0,3,18.956396132151077,-40.182497847382585,-3.2017540219338247,2.036356108183889,4.014709825994282,1.046051949697132,0.08170575862069995
1700412348.281087,2,10,12.114466704406231,-0.7691917054896197,-3.407634346443889,0.288288270631618,0.608906188180701,0.10684406005558582,150.13459418580837
1700412348.481201,0,2,15.687594941561628,-17.544461663548965,-3.3010471797425835,2.0000447142044413,4.718794460792681,1.0657971719120032,180.483931463672
1700412348.481201,0,3,19.13033066740214,-39.23069747446838,-3.180488307952695,2.3795537661590758,4.716812175257884,1.0727383049241492,349.6438879933271
1700412348.481201,2,10,12.205406726788551,-0.6703572647393873,-3.41825620000086,0.5351641219677635,0.6008237202582993,0.08608158007032937,317.38207085389644
1700412348.681852,0,2,15.749842692469995,-18.98926302605145,-3.2440186393464967,2.017622643205308,4.649187140389987,1.3280953999951783,182.46700286506112
1700412348.681852,0,3,19.208168143716314,-37.73501260595521,-3.2452737731012835,1.9564243893644446,4.534018461723887,1.1684775897894943,357.0209371119576
1700412348.681852,2,10,12.152021415481975,-0.7363929868353382,-3.419921354210112,0.37876995990757667,0.5985562442996832,0.11337869119042626,141.04685862340818
1700412348.882365,0,2,15.76388406030401,-20.49738864858981,-3.3462523174030467,1.9608089863562186,4.794896365370381,1.4792087246080352,180.5334355827696
1700412348.882365,0,3,19.31172713308933,-36.43318649633082,-3.1866117174464126,2.1574712221994075,4.3724484691781065,1.0568556201148458,355.4517546711795
1700412348.882365,2,10,12.184528988649763,-0.6893237701316334,-3.4848379290596725,0.454061750943335,0.5869086915208495,0.26767871372085306,325.3697458947331
1700412349.082207,0,2,15.787438631187317,-22.132638927441246,-3.266883268993726,2.092797664135259,4.571991694694989,1.1415866232169123,180.8252462579723
1700412349.082207,0,3,19.424122451771275,-35.155702052759565,-3.2150277459168346,2.187770291922339,4.340696023391561,1.0962629474341457,354.9719639551858
1700412349.082207,2,10,12.134437467919918,-0.7381858162330371,-3.405626245460047,0.3447656292365253,0.6026518573258564,0.09723300395828108,134.2881501404157
1700412349.282589,0,2,15.757335965018513,-23.572101621958343,-3.244141086671518,1.8521145115452455,4.594995473225202,1.279163573137608,178.8019805118629
1700412349.282589,0,3,19.586495792589112,-33.93083356488316,-3.18932037028968,2.378257440789353,4.6387657337611525,1.2260354183742872,352.4486763580737
1700412349.282589,2,10,12.00628918710975,-0.7101897063794483,-3.43255355092149,0.22535789955725383,0.5588134794174724,0.2924190065436948,77.67641373930762
1700412349.482981,0,2,15.744419995707016,-25.0986452246886,-3.2887335215060474,2.1032618544484185,4.634084582147887,1.4311708145015607,179.5152363349522
1700412349.482981,0,3,19.573806156042235,-32.73285253727103,-3.1480542429449883,2.3595741009056512,4.729106692075454,1.1871703877575486,0.6068839240937791
1700412349.482981,2,10,12.13120110214935,-0.7377674113661258,-3.4068205420954194,0.32166187021406834,0.5807928730852362,0.09697983660329018,257.5501129581208
1700412349.683374,0,2,15.785395151652061,-26.538197811125812,-3.3018061292501963,1.9426379288487852,4.4881252764884145,1.5073907165472225,181.63041614672397
1700412349.683374,0,3,19.62471150652356,-31.491660840239167,-3.2001224908949566,2.2872384735311306,4.812192519258505,1.2653373616421044,357.6514280344287
1700412349.683374,2,10,12.105889652847072,-0.7269954317661209,-3.499208614888926,0.2838734591461596,0.5978467348894914,0.2641195989719065,66.94649484087033
1700412349.883766,0,2,15.886792090128354,-27.746807854409692,-3.1256215048748945,2.1644624076511603,3.945533724515628,1.3991969359961605,184.7956275855851
1700412349.883766,0,3,19.745700066234406,-30.23576043252238,-3.181632162591732,2.248279816669516,4.804872125958347,1.2013523951704173,354.4973283452068
1700412349.883766,2,10,12.133582712616853,-0.7344714139139239,-3.4162296948459554,0.31874404952549307,0.5779787889381809,0.10506928249455165,254.89263094721525
1700412350.084216,0,2,15.753787787747578,-28.678020727341806,-3.2270737300365817,2.197819094557798,2.6707262728315992,1.1693966433758667,171.87147190301206
1700412350.084216,0,3,19.84647993643495,-29.02858472703613,-3.201641934570491,2.3743515460010274,4.726133875186331,1.2331579467910616,355.2277847458445
1700412350.084216,2,10,12.193389262985864,-0.7092975841694273,-3.415338259351567,0.40630191190728876,0.5762427758410231,0.0893197425139863,292.82724502938265
1700412350.284751,0,2,15.76721185365516,-31.146231333436848,-3.233072688853863,2.009937655632999,4.408872118062435,0.9930486085126076,180.31161633241706
1700412350.284751,0,3,19.846195667232447,-27.77704767571051,-3.2010037240773306,2.335885619676426,4.693715550703729,1.2735112799421335,0.013013937742869075
1700412350.284751,2,10,12.185114331476095,-0.6984266826894339,-3.4943444515374695,0.4198955114689512,0.5539668693963155,0.25644024612336647,37.27839512446491
1700412350.485193,0,2,15.810227137329278,-32.649719763694705,-3.3192710693047323,2.0076040355547877,4.30654581300936,1.282024456622948,181.63880348178984
1700412350.485193,0,3,19.92058318779048,-26.583230419196603,-3.261930405455276,2.2308024370890243,4.7652609715860645,1.367457213302508,356.43447290909467
1700412350.485193,2,10,12.173926501943804,-0.7410704620032941,-3.4268724904975554,0.3370488828950763,0.5849660571094623,0.10339275531747802,165.2994425431636
1700412350.685424,0,2,15.756250060255658,-34.11862121393173,-3.206385977568741,1.9251572118343698,4.23293846363536,1.2223537057288891,177.89552402087315
1700412350.685424,0,3,19.982153482446684,-25.414513409887988,-3.216356990531678,2.3309034035600407,4.872002522772608,1.3168862112023831,356.98433425083886
1700412350.685424,2,10,12.14222625823291,-0.7455377339827348,-3.4078596927543825,0.32554853398998795,0.5799695200734214,0.09659464797844634,98.021433169964
1700412350.885733,0,2,15.719151634367451,-35.686876988061435,-3.249738709453161,1.9324575934778132,4.242987045507156,1.3198162600330074,178.64487228010694
1700412350.885733,0,3,20.028429244470846,-24.379990633872357,-3.147716941317964,2.1483783111184946,4.793373146562452,1.295787636392417,357.4387808242633
1700412350.885733,2,10,12.135625909938428,-0.7559782724307884,-3.4186444797414284,0.28891070307686795,0.6023342423961121,0.11861750745664797,147.69955352959025
1700412351.086122,0,2,15.697862804365453,-37.194858448947166,-3.1684802349379595,1.9077776200756593,4.063842037889549,1.514886074391721,179.19118429657027
1700412351.086122,0,3,19.998760459927386,-23.33652981536,-3.19290393265325,2.175363938439249,4.735736935236686,1.3922669355774202,1.6286555682233939
1700412351.086122,2,10,12.200435702726246,-0.7210738158622865,-3.419134940993852,0.40311966616686057,0.5951676049878726,0.09888425692977885,298.3054679096841
1700412351.286516,0,2,15.62726166685552,-38.325785294221596,-3.1812293388586514,2.0017396227000095,3.2792307451132814,1.291211738027736,176.4277932365779
1700412351.286516,0,3,19.887927032794934,-22.385878812766336,-3.131835705105277,2.3513393983532707,4.64332830030139,1.379256365216503,6.649914522322661
1700412351.286516,2,10,12.217398846448857,-0.7074317061191213,-3.4961976020935723,0.412888882263428,0.5790576054160703,0.27020306904403124,308.8069580064789
1700412351.486908,0,2,15.611652952986228,-39.62292660510713,-3.091200178723211,2.30145744224912,2.957218578215295,1.335288976420423,179.31058377376488
1700412351.486908,0,3,19.930080029043047,-21.262655211132618,-3.1838245618137213,2.315788419436683,4.9698115598037855,1.3287210988257159,357.8507788779036
1700412351.486908,2,10,12.152348880798563,-0.7530464478887431,-3.4154203424450302,0.31886757093171214,0.6000036183209657,0.11097449806037984,125.03914568896218
1700412351.687303,0,2,15.596489918977014,-40.947337924092245,-3.2016279005032233,2.463284325595675,2.3048628279421663,0.9627396700146673,179.34405581940797
1700412351.687303,0,3,19.871644827258248,-20.420363331519322,-3.114094219983386,2.1911037746787674,4.889731015773911,1.2601163912066433,3.9686175602195135
1700412351.687303,2,10,12.153840209738016,-0.7442474537669846,-3.4211824411484177,0.34418274137932797,0.601205617252203,0.1223918021882876,350.38043675237725
1700412351.887718,0,2,15.46695687475484,-42.740057911850926,-3.1571547507549047,2.1475894549781844,2.607891921328301,1.100841647691588,175.86727353229438
1700412351.887718,0,3,19.721173722806892,-19.69244787530347,-3.1242878537298653,2.409458829213504,4.681724886723815,1.3428651255298074,11.679398265351125
1700412351.887718,2,10,12.208494686743332,-0.7205508637559405,-3.4198743695367027,0.4077270839870746,0.5798848877198086,0.077906350878137,293.44015082505007
1700412352.088094,0,2,15.546847662461765,-44.31183114646697,-3.3023717630606733,1.569583430639665,2.8634061946553233,0.9941552931769377,182.90975122916853
1700412352.088094,0,3,19.5880133789881,-18.949251996182333,-3.1313740713721914,2.2938423631333293,4.589156479299603,1.3975086762172435,10.158048783094728
1700412352.088094,2,10,12.179772110257025,-0.7476930146513961,-3.4241689448186827,0.344277615978109,0.6039983877845463,0.14537989657992612,133.37952184250753
1700412352.288484,0,2,15.368999625583095,-45.80414673938964,-3.108903233013144,2.1292379131956407,2.5298212142854934,1.0358257890111,173.20377893122776
1700412352.288484,0,3,19.187176957557817,-17.884441441570328,-3.196279816425526,2.3067246329133884,5.257230696185545,1.2711162350696785,20.628304203910176
1700412352.288484,2,10,12.174707198113213,-0.7369136624988076,-3.426215740433105,0.3682597225659314,0.6492280785240263,0.10855392921362773,25.167501577707384
1700412352.488876,0,2,14.855708172063528,-47.528770268541855,-3.195882140950104,1.9334756766165637,2.2450685790600065,1.1640394345457472,163.4256674835347
1700412352.488876,0,3,19.00153258084076,-17.266483700436087,-3.205672458719673,2.189346281621291,5.265346818079223,1.3530643622852405,16.721107378257415
1700412352.488876,2,10,12.158761830996031,-0.6963612212921313,-3.405126524741191,0.3888859933510811,0.7405541070081537,0.09204523505231414,21.46493230684206
1700412352.689269,0,2,14.751937025391312,-49.10600445195667,-3.053877817442041,2.103881971340805,2.2386306337877677,1.043897537115846,176.23575752301494
1700412352.689269,0,3,18.761938677595854,-16.615488819534033,-3.2134499537999694,2.148091407961233,5.204337487018392,1.435855968285897,20.20576905962463
1700412352.689269,2,10,12.081030160391359,-0.7014650785859231,-3.442287936729447,0.35190248238777777,0.7761724221715331,0.2547609947793672,93.75664539540607
1700412352.889671,0,3,18.437770186137673,-16.02022917449426,-3.159241637095494,2.0631189059736132,4.95702127190053,1.3816147208612803,28.571975409457565
1700412352.889671,2,10,12.095410920638315,-0.6815341493045338,-3.3981086610278006,0.3483107316599343,0.7748327249083115,0.09200411357957436,324.1884270920185
1700412353.090051,0,3,18.133923816548347,-15.547552583945214,-3.230611767567964,2.144232172050435,4.8818059954877295,1.3946466672912603,32.73375504496266
1700412353.090051,2,10,12.093188402473755,-0.6887914543797915,-3.4014268100221643,0.3641345058841218,0.7287941375210947,0.09615035365346547,162.97302013692916
1700412353.290445,0,3,17.958744555971858,-15.235582369737,-3.1894160733403822,1.9585181559766098,4.859093873132852,1.4653416783239934,29.31532556025431
1700412353.290445,2,10,12.094495365044484,-0.7157708936518914,-3.393813424729159,0.3483509499731056,0.7084141340871777,0.08577802136312032,182.7734062282561
1700412353.490837,0,3,17.712664791180384,-14.844424466296761,-3.129466714495074,1.9948395015752158,4.4506349490043675,1.334594432339467,32.174242279579715
1700412353.490837,2,10,12.104667761667036,-0.7267966050773793,-3.4020450582088104,0.3348951515143266,0.6912403584726128,0.09395615019626316,222.69484359787737
1700412353.691231,0,3,17.384135694176535,-14.37141015449604,-3.168875792872725,2.2605663646977407,4.383319825221569,1.3326581732472276,34.78166677958626
1700412353.691231,2,10,12.112221311950426,-0.7201900911427969,-3.414085746130464,0.3455701367933659,0.5810873137577403,0.11499825547865536,311.17371098923024
1700412353.89163,0,3,17.1268618580356,-14.232997474805028,-3.2038497945467315,2.331042320222204,4.182730394482183,1.349646437972995,61.71985976181499
1700412353.89163,2,10,12.161015254899851,-0.7237927810874878,-3.4193494694530076,0.42300388585185855,0.6078918259703128,0.15000087387239938,265.77724127761724
1700412354.092686,0,3,16.91362315027524,-14.07340330991458,-3.084817927821655,2.447860361516769,3.7948626899600404,1.3490300739098595,53.187730529446185
1700412354.092686,2,10,12.217934236938325,-0.7325139489443754,-3.4185509495966766,0.3942330402285231,0.6381232400469407,0.14005170296932193,261.2888467552284
1700412354.292424,0,3,16.975071058698095,-14.159228966485244,-3.141422252377874,2.3399956852334833,2.7170281140617654,1.0351289770256105,215.60122401526422
1700412354.292424,2,10,12.204926288555402,-0.7247762271434567,-3.4079724954009007,0.40514030531000744,0.6081475182518944,0.13004966767466572,59.25388529302033
1700412354.492807,0,3,16.833321424136802,-14.038685452085247,-3.183494556889158,1.8779594075986425,2.407134233485823,1.1351906065723445,49.622248715776124
1700412354.492807,2,10,12.20043973188168,-0.6887633293562709,-3.48443858429924,0.41280066497331924,0.5950901342054925,0.2548695431503163,7.101430575620952
1700412354.693361,0,3,16.645945958244262,-13.94130028811026,-3.2832087629842333,1.8801460784760051,2.278163430101124,1.1691661265466338,62.537623351413444
1700412354.693361,2,10,12.200280510105173,-0.6967235573407672,-3.48706371635242,0.4676060900031541,0.6231148846715517,0.251301871998455,178.85411328893284
1700412354.893591,0,3,16.626377951037828,-13.81741810517041,-3.2341704852156923,1.9728711699683776,2.2467852479441635,0.8650864140664578,8.976084315672011
1700412354.893591,2,10,12.205891937870552,-0.6839202123721758,-3.414616188679354,0.4780411308220626,0.623058993914205,0.12854082880559875,336.3332057177012
1700412355.093982,0,3,15.801802445423338,-13.169501454712291,-3.354614725592447,1.8888511225497275,3.4218070902551174,1.3383097797892194,51.841231263231435
1700412355.093982,2,10,12.20652296161838,-0.6946415145341931,-3.3967183384044755,0.43918673052340257,0.6307753654570674,0.0705735900619116,183.3683721243186
1700412355.294381,0,3,15.236784219253828,-12.527460417199553,-3.2478114891574643,2.0204010117107103,4.4956702828377875,1.028432070032955,41.34888933974824
1700412355.294381,2,10,12.219275934413616,-0.6496535338002217,-3.40396215131317,0.4839596624769159,0.6340389297932455,0.10084406938564638,344.1732867709891
1700412355.494768,0,3,15.282730250702746,-12.586998637278798,-3.3196446775868296,2.0981143467181784,4.6416566062858475,1.2043448221284045,217.65760245206368
1700412355.494768,2,10,12.198325152317304,-0.5961164235768225,-3.4288830622688002,0.5319229029577368,0.6272508394502652,0.2339639379704565,21.371994073369137
1700412355.695171,0,3,15.090263898822169,-12.590997311624381,-3.199327324505623,1.9693545609370022,4.542611103244273,1.1610879267260286,91.19020392888953
1700412355.695171,2,10,12.16724546739861,-0.5852348239201722,-3.403624345633459,0.5114196173733037,0.6181346800055795,0.1238584779466434,70.70386108040918
1700412355.895553,0,3,15.076812634113795,-12.51757787136625,-3.2102537916465725,1.8938012252692062,4.467309191042686,1.0941630689522417,10.382088218621675
1700412355.895553,2,10,12.114390540733407,-0.5394948066676037,-3.4786196483929843,0.4934016927405891,0.6355487458563746,0.31746257629288804,49.12748207335551
1700412356.09606,0,3,14.961529671181966,-12.555040571096018,-3.244984420946088,1.8578249441702024,4.447785667372148,1.200466609168629,108.00224517825082
1700412356.09606,2,10,12.098808446860723,-0.5820670139009558,-3.3941904551814015,0.41997436400802346,0.6545417136854521,0.11350450123205313,159.8965837379256
1700412356.296442,0,3,14.996444412578274,-12.515782010541184,-3.2457411504898808,1.8987627170371,4.45217557617304,1.2139795454529758,318.3515908913943
1700412356.296442,2,10,12.106638285606408,-0.5642651745933613,-3.381843102843518,0.39754766244884066,0.6257737788380578,0.0666776626053582,336.25851605970587
1700412356.496735,0,3,15.078742745498639,-12.493659697001085,-3.26095669524584,1.996553796350124,4.675679862084897,1.118147123440435,285.0458112244129
1700412356.496735,2,10,12.149603126104175,-0.5494395731410108,-3.382518705197646,0.46936679207826965,0.579854037322481,0.07471302996313357,289.0376894167246
1700412356.697787,0,3,14.988714867899432,-12.578729933474817,-3.2695287185715562,1.8788928576646469,4.445440704560513,1.1703614713971973,133.37818901139693
1700412356.697787,2,10,12.213341494127398,-0.5252610794969998,-3.38610552495452,0.4803175494919479,0.5922099362926188,0.097998081981228,290.77372523129
1700412356.898049,0,3,15.06166359402444,-12.492665676285355,-3.2067377389814875,1.9415175245267353,4.4230047268368144,1.2023086368868534,319.71513323949983
1700412356.898049,2,10,12.291052433355695,-0.5059964884661812,-3.4069352221653975,0.5230968827947271,0.6918140370909382,0.17136556517904433,283.9229783812956
1700412357.09791,0,3,15.017163767040284,-12.517343871520158,-3.2146155824676104,1.8830765476687992,4.553932916267278,1.1724363446247534,119.01136315058226
1700412357.09791,2,10,12.278124981828832,-0.44747748255658565,-3.3968092631625493,0.5432841928065353,0.6913461650648578,0.1652310226021185,12.457157884169561
1700412357.298304,0,3,14.998047206750801,-12.530925880621513,-3.235339623502449,1.8829345600203098,4.489252055497965,1.190423112167122,125.39318244602131
1700412357.298304,2,10,12.180788125678905,-0.34706511086306635,-3.45835895342627,0.6079413885438054,0.5919151790822753,0.2460813851199013,44.10897323494251
1700412357.498698,0,3,15.047248964719772,-12.549159497642917,-3.269445046580505,1.8452900534094834,4.377629565783782,1.1220433545198463,249.66586202317035
1700412357.498698,2,10,12.150408280280377,-0.39930687819937133,-3.3976185905018745,0.35451032505184243,0.6502394395255642,0.11227403526756263,149.82096808005042
1700412357.699089,0,3,15.051797698354706,-12.534842640297615,-3.211327243922905,1.8169929737789643,4.424248976596276,1.0767656148108582,342.37397311515315
1700412357.699089,2,10,12.088845803069987,-0.28303361971693625,-3.481331599780757,0.364525349575703,0.6136880660716829,0.2863058705312924,27.89959813394094
1700412357.899488,0,3,15.05426170190648,-12.541948845783136,-3.228859525306961,1.8538559272750588,4.468266356213576,1.09900865857315,199.12346176867428
1700412357.899488,2,10,12.110477166550314,-0.06733227807021167,-3.3873755197207562,0.5666270071913633,0.5630066757091333,0.1275625752935668,354.27330427749223
1700412358.099877,0,3,15.007535976314003,-12.514077315171406,-3.2459732459371686,1.877213627299141,4.420154656392921,1.1519663690695627,59.18425339507064
1700412358.099877,2,10,12.102361451873689,0.07678339567924027,-3.3786661803931852,0.5879604462978233,0.5868778474664573,0.13488823612618678,3.2231441545731627
1700412358.30027,0,3,15.052046471447014,-12.506926454595096,-3.2046651676712097,2.0018328914387884,4.360075868170808,1.171023289391884,279.1268990148451
1700412358.30027,2,10,12.107247385679448,0.1731841173716772,-3.4295417917659057,0.5294169072464514,0.6196485687207485,0.25858708155903287,357.09852746572506
1700412358.500663,0,3,15.033959446266957,-12.485470454210231,-3.2560449577556896,1.9415617515019343,4.442742242472336,1.1413342704598395,40.130290606007776
1700412358.500663,2,10,12.029697601419668,0.21503927371315143,-3.423697019732411,0.5882014707797076,0.6165452084653706,0.29017725011401874,61.64338361168723
1700412358.701056,0,3,14.99802397808716,-12.592010041076735,-3.3236995111554335,1.8336700962575052,4.461433704261582,1.2802953812994982,161.36091073081266
1700412358.701056,2,10,12.009660363186834,0.16966742151650988,-3.371798091465018,0.6073943511384863,0.6159820190142054,0.14697883806862722,156.17266020213484
1700412358.901451,0,3,15.053866249335828,-12.508498003237822,-3.2207185353962284,1.889911165328989,4.334298330013784,1.0695891125861594,326.23040981143095
1700412358.901451,2,10,11.783463428945428,0.2523739984523374,-3.332868473863855,0.6293793340950864,0.782055826892915,0.6430246109406785,69.91558183188504
1700412359.101841,0,3,15.088783202747258,-12.532162371855282,-3.251426940899647,1.8206423671636487,4.627939234399907,1.0961019887655525,235.87321428904872
1700412359.101841,2,10,11.854304678427264,0.3295559548976831,-3.1910517153500417,0.6850449419253486,0.7779845904249261,0.379904163008025,317.4528166693594
1700412359.302236,0,3,15.01713926241834,-12.525479358657844,-3.2442474181968337,1.8304625630524245,4.406887238913034,1.0898612573831952,84.67081784036955
1700412359.302236,2,10,11.59891134052061,0.42627503672075673,-3.312010500713471,0.5208586914803359,0.8295828349742798,0.5636440886616808,69.2580043652532
1700412359.50263,0,3,15.016181964371915,-12.477838042355149,-3.2319344097598486,1.9902735649609362,4.349823976162714,1.0859377917676625,1.1511385876219151
1700412359.50263,2,10,11.6571480133913,0.43359944354318974,-3.2152346625596513,0.50110517000196,0.7222105897948439,0.16957291162405588,277.16843232994574
1700412359.703025,0,3,15.03173353993908,-12.533714748347444,-3.2531487602514195,1.8465735397579333,4.338882927533442,1.2288305964186979,195.5529207424455
1700412359.703025,2,10,11.665085606139002,0.5003259230605557,-3.2427159093825564,0.49103125179164125,0.6997001465052046,0.20271883316814093,353.21613576425534
1700412359.903416,0,3,14.937369708662633,-12.508231511046985,-3.286289322907424,1.8209766389143387,4.294525763861076,1.199280654734817,74.88759368115191
1700412359.903416,2,10,11.551286222710338,0.5428395645378331,-3.343798897187245,0.4478905653090849,0.6600692538193401,0.3239918436445955,69.51511069034457
1700412360.103807,0,3,15.00988448638354,-12.437428751135425,-3.2563574359327223,1.8598829982586338,4.529789802392038,1.21429627376732,314.31559855736197
1700412360.103807,2,10,11.756299367172288,0.6570648313910368,-3.2222694603842674,0.5742638060794636,0.6303920839901633,0.30526449103542974,299.12483359517984
1700412360.304204,0,3,14.999538074448923,-12.487121501558962,-3.277343404052175,1.8753751676121035,4.532448864829463,1.1532690731151962,168.2386115506614
1700412360.304204,2,10,11.642396281048754,0.7266147541052715,-3.375487158481296,0.4206813064359088,0.5823287835691181,0.2454123919561287,58.591505114696744
1700412360.504594,0,3,14.867654784724857,-12.425577467803077,-3.2484799723161624,2.057880403914253,4.148421824438078,1.163555515320867,64.98364216708192
1700412360.504594,2,10,11.63159439832069,0.6631281247904728,-3.378990302690165,0.519263509561491,0.5751640783094096,0.3164592298957791,170.34392403736098
1700412360.705001,0,3,14.842618436752506,-12.389609307989351,-3.2356077017393514,1.8743863726642458,4.106087730062318,1.201423700350527,34.84060890225368
1700412360.705001,2,10,11.630234676203143,0.7675113078412018,-3.2331907053228077,0.5865957651740342,0.7612163643035696,0.22619281419300197,0.7463073106997342
1700412360.90538,0,3,14.83607940958394,-12.328278378327088,-3.229521550196175,1.8896753257097176,4.094182786389767,1.2763631174626124,6.0858137062339495
1700412360.90538,2,10,11.56931809785242,0.7065866235425312,-3.24750829609454,0.6334109131270065,0.809269637633156,0.3232577484251885,135.0038118170773
1700412361.105772,0,3,14.694057543485679,-12.267798653478959,-3.2369117252490907,1.8679494436532977,4.159402386923314,1.259346911641103,66.93336803408314
1700412361.105772,2,10,11.557523001628562,0.6908164261409562,-3.2632551728795813,0.5130483368613034,0.7083864625894842,0.3566675742844858,143.2058677859289
1700412361.306167,0,3,14.69895269342248,-12.292595939752417,-3.231436493879311,1.859475316701877,4.065395948964732,1.1799554305470128,191.1669900060092
1700412361.306167,2,10,11.479575175173547,0.665725547487973,-3.2917604272994008,0.6544631690662072,0.7425449261239541,0.3753466553728285,107.84301628563962
1700412361.506561,0,3,14.66435998626298,-12.28738570373872,-3.2771818976746316,1.895990240321344,3.9303495852371753,1.1529860427994572,81.43468621913398
1700412361.506561,2,10,11.497425359080937,0.7474377979820107,-3.306183436207805,0.48364390019421594,0.6508034682067331,0.08365523759346977,347.67722197513035
1700412361.706958,0,3,14.655305523795272,-12.308354967226206,-3.327098000270465,1.852041970529263,3.830045753065235,1.1475319047248864,156.64546402571096
1700412361.706958,2,10,11.50985137371872,0.7697739770034695,-3.3124106463705503,0.4784811476375488,0.5970750860226275,0.10718293606982247,330.9120323376338
1700412361.907344,0,3,14.627786167074156,-12.268847198735047,-3.275470783735647,1.8331374478905957,3.807172317149889,1.1414876357273336,34.859355728250364
1700412361.907344,2,10,11.569735557835807,0.8453225465208754,-3.2443429362499483,0.49772592789785397,0.6621609943922151,0.27633800369713934,321.5976125546514
1700412362.107963,0,3,14.617763243590717,-12.299432358337995,-3.2695297181811975,1.8732678901618627,3.903804465839923,1.1135896105156262,161.85574806849976
1700412362.107963,2,10,11.632790457700164,0.8852192884366916,-3.2343104878707125,0.4891499547746826,0.6461824509850496,0.3565196399102395,302.3227744131847
1700412362.308135,0,3,14.583701414873017,-12.224921966949585,-3.320954584692349,1.9843654825141401,3.8853505847631986,1.1866302716118913,24.567130303141198
1700412362.308135,2,10,11.534279216327906,0.8408782797222495,-3.255687261312985,0.6190374382746151,0.7555301655168731,0.34516315551654897,114.23304136278668
1700412362.509029,0,3,14.536658912114783,-12.17352663477532,-3.316825068271658,1.9060471764299152,4.0369470108790715,1.1709242215963327,42.46808335303632
1700412362.509029,2,10,11.639692551785897,0.837724365770066,-3.2465562108349624,0.5335441048775764,0.6725477516329903,0.41177075124692886,268.28625035593603
1700412362.708923,0,3,14.332012816146676,-12.122879300688043,-3.297180072587841,1.9905657766579417,4.313655623553539,1.050560057782627,76.09932846678251
1700412362.708923,2,10,11.570782553617722,0.8926811335035607,-3.342251016894198,0.560797839481675,0.6206902796603699,0.12004474193605814,51.42710876789155
1700412362.909973,0,3,14.296928403705959,-12.092235076175502,-3.3146467537362105,1.9248531270758342,4.39254022299718,1.091476587273493,48.8646487989715
1700412362.909973,2,10,11.574151038168752,0.8821938300654573,-3.341852740915443,0.5552513308520726,0.6263115674032846,0.13284001744861862,197.80683350249157
1700412363.109703,0,3,14.439924450326284,-12.133712784304917,-3.3368651531767775,1.879017753191571,4.293681704996341,1.1206111790183242,253.82456839513674
1700412363.109703,2,10,11.529289556349596,0.816302110760137,-3.277913281740529,0.7304070997222692,0.7187291262679913,0.34032500201977056,145.75154055128212
1700412363.310098,0,3,14.369683033693144,-12.154331696148354,-3.326855439431072,1.960720215223597,4.275183485221826,1.0821107924042779,106.35925897211777
1700412363.310098,2,10,11.522330972263363,0.8002629221945222,-3.3201920111808567,0.6655548128996124,0.668365244310386,0.15333837627853814,156.54644276222777
1700412363.510491,0,3,14.396227006138751,-12.127389471074968,-3.3420890672888883,1.8839735516367044,4.263523660281469,1.167208398315453,315.42661049268054
1700412363.510491,2,10,11.554380219842308,0.7181279362649893,-3.253663154863369,0.5099970253106219,0.7957650744155533,0.3558966794078011,201.31583585791756
1700412363.710883,0,3,14.4149469064174,-12.135778897103043,-3.3310557167196175,1.8711139415909877,4.318911654897605,1.1196433292318613,245.8602012259584
1700412363.710883,2,10,11.511982145834432,0.6171360741749008,-3.30160000827183,0.43433376481954716,0.7695813557493968,0.332404516698102,157.22652055519833
1700412363.911276,0,3,14.356430194065684,-12.128878015806398,-3.3402402338340202,1.8314775967310029,4.261021979896606,1.0366389903477446,83.27416847402893
1700412364.111668,0,3,14.310656447299195,-12.14217571712928,-3.369159295825543,1.9180821919777102,4.330225856937364,1.0715096841474487,106.19907489583845
1700412364.31206,0,3,14.283363576118198,-12.098678685971242,-3.3650403238901307,1.9063356015097241,4.55751506891823,1.0617497355037044,32.106838474852026
1700412364.512458,0,3,14.262796100411624,-12.104220272850258,-3.3458634410770314,1.9362288153071538,4.15067189592487,1.0710846692615235,105.07936988883694
1700412364.512458,2,11,11.410323901686718,0.5082178836315203,-3.347746235222485,0.43774732334634625,0.8224584039090357,0.19736624856903195,0
1700412364.712848,0,3,14.181419202211641,-12.03604074121205,-3.329709893069241,1.8931689448820492,4.225618163261715,1.0991585428070954,50.04291141998746
1700412364.91324,0,3,14.230657921223946,-12.048423229964037,-3.349594158894802,1.8820782679483277,4.438921595426642,1.1394231425629238,255.88404509287207
1700412365.113631,0,3,14.064390686899058,-12.03076397014565,-3.360587792723808,1.9867592328462884,4.31817080662573,1.142716987343118,83.93733806603822
1700412365.113631,2,12,11.620505085413905,0.6141648790082738,-3.511081542022617,0.3823379112073073,0.5379001108086974,0.13145467183177978,0
1700412365.314025,0,3,14.286233771287968,-12.10548719043708,-3.349509511255154,1.8354650132290495,3.7724071367338583,1.0971882770978145,251.3849740018162
1700412365.514419,0,3,14.425086481406009,-12.242376007740448,-3.348149662854805,1.823687940710585,3.6263984237239737,1.1166411652686372,225.40806645337145
1700412365.514419,2,13,11.455906507096438,0.5284328927985512,-3.2950560867756735,0.5133984799128537,0.8317173721666526,0.4300459560954463,0
1700412365.71481,0,3,14.267881902516475,-12.109895694099684,-3.287508944604389,2.2415368621101104,3.306101902449922,1.0956439555863422,49.87830517996139
1700412365.71481,2,13,11.500070419185526,0.5812251922372438,-3.2885023328088443,0.5578190381223257,0.7634474113172172,0.4256394740096039,0
1700412365.915203,0,3,14.135462976389432,-12.134317231670787,-3.2637317551233482,2.293761301398219,3.4253671437681703,1.0537003833574612,100.44943414581621
1700412365.915203,2,13,11.58848269925043,0.7040704848035442,-3.248185200043471,0.482606526103732,0.695695319629061,0.42556908517568903,324.25727395315994
1700412366.115602,0,3,13.742060473269476,-11.850851345645804,-3.30768592045468,2.364555272141442,3.74672610063072,1.0956499161564675,54.22539185743071
1700412366.115602,2,13,11.554035022915091,0.7807984404045059,-3.3757401110779033,0.5171248504728291,0.5610913009354532,0.13095083853398912,24.178106674702065
1700412366.31599,0,3,13.419961018887319,-11.858181626353401,-3.2709157391900554,1.9912098248890153,3.3445197262666326,1.2339802708198624,91.30370187361133
1700412366.31599,2,13,11.571339659119962,0.7490835223157151,-3.24525335096831,0.4799246599590472,0.7799089304260578,0.3289683005515195,208.61824222478657
1700412366.516391,0,3,13.143643599861075,-11.741213633922484,-3.3203574952673742,2.2499771359647145,3.179362655934241,1.2793637741416677,67.05656206267217
1700412366.516391,2,13,11.552680312979746,0.7295218073721463,-3.239949796707343,0.5157651672849944,0.8092332557863832,0.3136436781189389,136.35245646299578
1700412366.716788,0,3,12.696357014430752,-11.577916325733392,-3.293566116610121,1.8251792347146667,2.8596712671774918,1.259601905232509,69.94365596536846
1700412366.716788,2,13,11.543142031763246,0.757785403181432,-3.3433128569674984,0.37689596332136566,0.6224306911254932,0.06079610177539265,18.64829690408851
1700412366.917171,0,3,11.64484217299772,-11.33148361726982,-3.1946080972023436,1.9745161036946397,2.473895328755066,0.9497891139883949,76.81021997566535
1700412366.917171,2,13,11.492769586398977,0.6365777844748954,-3.3086041036410556,0.4413351319497084,0.55291100923916,0.06218056109912544,157.43281034624798
1700412367.117563,0,3,11.37619742085277,-11.205855411825343,-3.2831695214962386,1.8231137491348435,3.3264077323994483,1.086078336181943,64.93747343785573
1700412367.117563,2,13,11.587475032071861,0.6760836958439208,-3.224135173536615,0.4664089096803501,0.7235913761890418,0.32047439404447897,292.6432174927224
1700412367.317956,0,3,9.936045554556797,-10.885656882949629,-3.320173890049877,1.8000977514106777,4.408241805270973,0.9675282953071351,77.46494521839797
1700412367.317956,2,13,11.527517863071452,0.606858174905803,-3.3620158106783067,0.4357236690054994,0.6651790200608744,0.1337440118388588,139.10371607335995
1700412367.518347,2,13,11.555668801288725,0.5451379896362956,-3.228831918192346,0.369223932008954,0.7115489918265792,0.4182463710286308,204.51800686891124
1700412367.718742,0,4,7.613389699252012,-10.6769686816752,-3.7019145284270363,1.713257978003615,1.8037639843180835,0.2758313399377877,0
1700412367.718742,2,13,11.509188464733008,0.5228412865288122,-3.0540578437288346,0.4429308975813963,0.4864814529264896,0.12245828422769064,115.62711999320152
1700412367.919135,0,4,7.995655337113888,-10.593849517945646,-3.597275648529449,1.9619697904813584,2.892735919288148,0.4776188088052098,0
1700412367.919135,2,13,11.488978712161488,0.5025006751974224,-3.0233863739616367,0.44984679409391193,0.45181426028761507,0.08027722583978353,135.184896703868
1700412367.919135,2,14,11.656958549932925,0.4644919211259975,-3.6236292534648236,0.1473606264484367,0.4503169157495509,4.6675408890191165e-05,0
1700412368.119633,0,4,7.184832761514064,-10.297823140575442,-3.5234023605880114,1.6368607920114462,2.9242704211389356,0.18076864747318713,69.94317035520909
1700412368.119633,2,13,11.458931941980026,0.526758193727425,-3.0609054152143846,0.4117329780463728,0.4322001895043108,0.10023764186251258,51.08518377335136
1700412368.320594,0,4,6.1732591010493465,-9.97108407732697,-3.451896856977212,1.5024215475694391,2.9241966594231927,0.48339646812804704,72.0995038556141
1700412368.320594,2,13,11.453771981238866,0.5559384253827093,-3.070441740603218,0.388666721376862,0.4232882571743981,0.0808288555966822,10.027988218432426
1700412368.721035,2,15,11.475979781978936,0.5279999383840042,-3.3132476319453907,0.4420090435836681,0.5634467810293091,0.07762779069235536,0
1700412369.121494,0,5,0.21281456440757773,-8.581395770635945,-4.013517807865836,0.46098166974364213,2.888995008448031,0.06440224048409482,0
1700412369.121494,2,16,11.499636277150426,0.534186233009703,-3.237844127437849,0.38973995980271325,0.7769515928473926,0.3328131161542712,0
1700412369.321887,0,5,-0.5271704249867164,-8.501813092674986,-4.001161255025559,0.5321110140883749,3.896552913015479,0.10061451683431331,0
1700412369.321887,2,16,11.499211614453483,0.5034173939161379,-3.242882784001237,0.3840807962947738,0.7681515924309534,0.30336445018611846,0
1700412369.52228,0,5,-1.9280735931172395,-8.298315432383246,-3.9939910735572277,0.5279053922583371,3.5909322384537283,0.09340043238975572,81.73492438849304
1700412369.52228,2,16,11.64515392112386,0.5759702559665819,-3.254331118619725,0.4708556720585393,0.6950675536825695,0.3530304725285003,296.43352637655994
1700412369.722681,0,5,-2.791560882610376,-8.164959159362587,-4.018889236453453,0.43963953033135134,2.0294384114401343,0.02467250965709329,81.22064815437159
1700412369.722681,2,16,11.484318827271833,0.4885767511821687,-3.2317553661890894,0.3283886650010175,0.7877757558521321,0.3280483869361173,118.51847834882554
1700412369.923069,2,16,11.65251784131868,0.4791199260122482,-3.2811263384928604,0.3945035691771884,0.6852235890198263,0.4423923696277543,266.7819888051997
1700412370.123508,2,16,11.549543430436255,0.562116265461605,-3.3662549266458726,0.43822195901422856,0.5454128770840119,0.10383719321389445,51.13153503692044
1700412370.324092,2,16,11.540086059420732,0.5655487401714815,-3.32791026245244,0.367912794657576,0.5588262890184212,0.049519251453133475,70.05205216666461
1700412370.724644,2,17,11.595905966930184,0.5079928232846571,-3.38147879071103,0.42675574250753895,0.632891662029492,0.17192300850210188,0
1700412370.925206,2,17,11.630343508640658,0.40585886460714915,-3.248736493648825,0.4589208358151159,0.7594862822194008,0.41665379870577013,0
1700412371.125425,2,17,11.939483573180913,0.2648295158117923,-3.4227453214499266,0.3570485842879634,0.729616777934936,0.35833819495396446,245.47758183740524
1700412371.325816,2,17,12.044103473549155,0.02370123729483175,-3.431205382821956,0.44485832564474714,0.7464302535457921,0.32484391467424645,203.4548901441965
1700412371.526211,2,17,12.402533892370453,-0.16937152927138763,-3.3987848292167877,0.5076519275906239,0.6280065635511533,0.1085397144816321,241.69035087921895
1700412371.926995,2,18,12.9215994576797,-0.5245614114705248,-3.4865498437481066,0.6211769455624816,0.8749126264316179,0.46500717910860623,0
1700412372.127398,2,18,13.408878959947076,-0.8307762376843716,-3.6302744260145023,0.8242293120049602,0.9273082814981835,0.5404586890639984,0
1700412372.327787,2,18,13.659930298663548,-0.9714072275845307,-3.5965781465548736,0.6255784618371385,0.9727543539743814,0.5108100360229506,240.7438354226446
1700412372.528175,2,18,14.19350096065264,-1.1261093840366194,-3.4992962722895182,0.9361123745120546,1.3526537040336415,0.3954955896394451,253.8311429753261
1700412372.728572,2,18,14.727431172011766,-1.2155798134380698,-3.500199724574017,0.7960484320238689,1.2130170522766788,0.36719840310514945,260.48735356910845
1700412372.928961,2,18,15.037943579086457,-1.3079726358377501,-3.4079879541170373,0.613281533349643,1.059189331162397,0.3881604708729348,253.42965100441307
1700412373.129356,2,18,15.487280258864736,-1.3572538594239103,-3.420297643162533,0.6473183328199328,1.1121410186869976,0.42509421364764044,263.7410725397398
1700412373.329751,2,18,15.921068665391209,-1.2050644969648525,-3.3395609023448256,0.711790721642713,1.3109463987483796,0.46841641432481423,289.33279796565876
1700412373.53014,2,18,16.331220098562067,-1.309486582127086,-3.4692880063361042,0.6450418195268854,1.0521887581610305,0.5163409786167665,255.71629325412988
1700412373.730535,2,18,16.676368380005602,-1.2321574277440166,-3.4077731534154827,0.649104584023441,1.217260219367731,0.6517779077308693,282.62835641669847
1700412373.930924,2,18,17.013891185758023,-1.2500137755156786,-3.2872507121433623,0.7594963000241268,1.3002182814622776,0.6263426766796221,266.9716402759659
1700412374.131331,2,18,17.33589553381565,-1.3347740903295289,-3.3169237146446053,0.7070928225264108,1.2798804430365465,0.5212129303993969,255.2527215323601
1700412374.331716,2,18,17.692108900589957,-1.4016815974847021,-3.351105542803589,0.8012730707416751,1.2145308048740153,0.5610831966644054,259.36208804874093
1700412374.532107,2,18,18.07597311510873,-1.4191446286417424,-3.3486534837805677,1.0686800561771568,1.221352779601522,0.6194066291988927,267.3952544856432
1700412374.732498,2,18,18.499515646105536,-1.4107737973532348,-3.4531146863553444,1.0518523904295285,1.2394854360021106,0.5459470249693699,271.1322378183206
1700412374.932894,2,18,18.837378163347278,-1.371196819367428,-3.337828302969174,0.9172301368483358,1.2640883751014023,0.5182142917355346,276.681139717587
1700412375.133285,2,18,19.15795588781599,-1.2472849380802842,-3.295532740354738,0.8445200356564889,1.3115891810370341,0.5866829796687408,291.13285291226964
1700412375.333676,2,18,19.418232333118617,-1.2556500006924614,-3.247638349135842,0.6225300694834088,1.3511496162180587,0.5643361511727523,268.1591962204884
1700412375.53407,2,18,19.70429307838025,-1.1593324558740636,-3.3377473900714323,0.6027420170910246,1.2679776249927222,0.6519536520380815,288.60853978857324
1700412375.734464,2,18,19.988570413831706,-1.0143176330504615,-3.3475040276236774,0.7520296896696043,1.1032582533458837,0.7739402025537251,297.026920638344
1700412375.934857,2,18,20.185265945406616,-0.8965210938478289,-3.24739767092,0.8519402995243921,1.162798852882689,0.5443959550766748,300.91644538610745
1700412376.135249,2,18,20.319325057036963,-0.7017794545908379,-3.3341013644723696,0.9361770373750411,1.2083547226725657,0.546090466982717,325.45668211828564
1700412376.335642,2,18,20.32278184600914,-0.44339300172762197,-3.4281222510259424,0.9574812793361923,1.3339976793775334,0.6129950188676402,359.2335217207611
1700412376.536034,2,18,20.479182847671538,-0.22521045352272875,-3.425210724843419,0.6757201375021785,1.4663587254003452,0.44902700003238416,324.36570127686855
1700412376.736426,2,18,20.428778343330844,0.049532823769151225,-3.2558666704674133,0.6574872219807328,1.4475877880685464,0.26512527337502945,10.395899841516012
1700412376.93682,2,18,20.462380133885983,0.4211547180972592,-3.2284369998975073,0.6111080151197593,1.3857427613706004,0.41189034004810016,354.8334053991258
1700412377.137214,2,18,20.467630874428103,0.7065194450671262,-3.2558680477834896,0.7083975759051566,1.3893724942523558,0.43397206830989143,358.94587067330656
1700412377.337612,2,18,20.462850106779015,0.9886559715617351,-3.2557580324484365,0.6624471076490882,1.3751264246465678,0.46142783896254946,0.9707768096771758
1700412377.537999,2,18,20.430322009474956,1.1958746080468292,-3.269527219605306,0.6511512086774898,1.3810685171261907,0.3991083945606494,8.921191127774193
1700412377.738391,2,18,20.383973462387516,1.5273680019329479,-3.360940054182673,0.6376388175333134,1.353879327304056,0.486249516235769,7.959349492277198
1700412377.938788,2,18,20.387809330998515,1.818662182567326,-3.3635107325765525,0.5432346266623185,1.5905568509140453,0.28982887465185747,359.2455517670902
1700412378.139178,2,18,20.27271085074631,2.4016992106256057,-3.226350505884254,0.5531387882749003,1.322489123573424,0.41783249914508486,11.167281014810811
1700412378.339579,2,18,20.224672606863795,2.8300946384727608,-3.245863137863447,0.6204481621985659,1.3847508863262705,0.4378763706909382,6.398150496826787
1700412378.539969,2,18,20.20806894588556,3.273547359004583,-3.261674233388728,0.6531148332290183,1.3850056961350936,0.4617939014072042,2.1442545741856236
1700412378.740358,2,18,20.18975913891888,3.7139571031131626,-3.269407432505268,0.682055902093917,1.4161952164028455,0.4419507702121186,2.3806713701281126
1700412378.940751,2,18,20.15394125156013,4.1945708690837264,-3.328127755189264,0.6718468554930477,1.3843733304188854,0.5818892860312317,4.262106470057034
1700412379.141146,2,18,20.065250055279737,4.770406017446435,-3.29635010740943,0.5904977848033883,1.2909382859995437,0.5515057723857565,8.755996035452455
1700412379.341537,2,18,19.991063164000384,5.25454871547844,-3.3273347008581897,0.6433713873260631,1.2222149212707918,0.4808548067611077,8.711869537846297
1700412379.54193,2,18,19.969294984714484,5.787269088557554,-3.40660655293169,0.7026302996533041,1.1389790410872285,0.4672103052193539,2.3399355143882303
1700412379.742324,2,18,19.882352658297552,6.395854353702156,-3.456654638921936,0.8217632509047346,1.0597964609143984,0.5328153707463347,8.130247599347058
1700412379.942717,2,18,19.907996226017755,6.965461996775919,-3.2246405915238263,0.6306760967148017,0.9340461949928862,0.30504400360886086,357.4223014728267
1700412380.143113,2,18,19.8061599252446,7.586051951409518,-3.264085433829734,0.602854850991614,1.2925503890793106,0.382161307445334,9.318952602843012
1700412380.343501,2,18,19.707971398525864,8.215846262762142,-3.276482983544902,0.527298118410149,1.2387710742319222,0.4156563193923555,8.861401672938626
1700412380.543896,2,18,19.546959658061517,8.829282644966597,-3.2744654436243232,0.5483144365147179,1.389246626627171,0.3629946295746997,14.706966111085876
1700412380.744287,2,18,19.493719842800616,9.453987201545894,-3.0721287948641725,0.6105163177473969,0.964480369704919,0.3420622160150045,4.87120433582507
1700412380.944682,2,18,19.444027629278327,10.029765665043538,-3.212522061258882,0.5957608033972791,1.1413910671506091,0.4152559582870954,4.932655097955774
1700412381.145073,2,18,19.409998400416132,10.606656224825429,-3.2604446111795156,0.4459719270580258,0.9981750202600193,0.4609032655932237,3.3758128025130247
1700412381.345468,2,18,19.501553756999645,11.112696403323655,-3.5957980819160036,0.4745321112340921,0.6217766703009148,0.3313707778496593,349.74469515028966
1700412381.545864,2,18,19.443412215470296,11.664168242885802,-3.670476803479718,0.4433337416111695,0.652015169871048,0.25451329347664775,6.018446559661157
1700412382.14704,2,19,19.036615458622656,13.192918287834944,-3.7574760148993094,0.37326434347231663,0.49643665999657627,0.14691366326741517,0
1700412383.750194,2,20,18.525486687944493,17.137584163043247,-2.9751603705551117,0.5010932616359274,0.7076769073659042,0.2738535057009652,0
1700412384.150969,2,21,18.28236851715577,17.96312753885892,-3.0160151030682987,0.5639125627266814,0.6133730171630778,0.2569878593714449,0
1700412384.351365,2,21,18.17087180229702,18.40889084332391,-3.0233166301931056,0.38379778941507914,0.6425068163933023,0.2603151587195528,0
1700412384.551758,2,21,18.093694470659308,18.861403379772057,-3.046288290079761,0.46406967845835523,0.6382014287946121,0.2794139677831342,9.67883230438514
1700412384.75215,2,21,18.03580743161807,19.233073006431773,-3.058886261052,0.44859990864155447,0.6755361996566862,0.2781250058479419,8.852615820189953
1700412384.952541,2,21,17.95587906228813,19.617004335427165,-3.074339586834586,0.4127447243836466,0.677321587657731,0.2671447890554995,11.760089795454604
1700412385.152938,2,21,17.88804763998157,20.02336261225964,-3.1000978727141075,0.4231060201011445,0.7157192295122322,0.2343642782656688,9.476732159474494
